well,maxv 
A12,-0.04883
B12,-0.08180
C12,0.04450
D12,0.01358
E12,-0.33240
F12,0.01111
G12,-0.02372
H12,-0.02617

