well,maxv
A3, -49.39000
B3, -42.95000
C3, -30.42000
D3, -16.04000
E3, -8.12000
F3, -3.84000
G3, -2.15000
H3, -0.03000

