well,maxv
A4, -7.49455
B4, -6.19030
C4, -4.37212
D4, -2.73273
E4, -1.56848
F4, -0.90545
G4, -0.47152
H4, -0.20667

